[
{"https://www.freelancer.com/community/articles/how-to-scale-from-a-small-business-to-a-billion-dollar-empire": []},
{"https://www.freelancer.com/community/articles/how-to-scale-from-a-small-business-to-a-billion-dollar-empire": [], "https://www.entrepreneur.com/video/285992": [["B018WGDLFY", "Zype Entrepreneur Network"]]},
{"https://www.freelancer.com/community/articles/how-to-scale-from-a-small-business-to-a-billion-dollar-empire": [], "https://www.entrepreneur.com/video/285992": [["B018WGDLFY", "Zype Entrepreneur Network"]], "https://www.entrepreneur.com/article/306432": [["B01MTQGDH6"]]},
{"https://www.freelancer.com/community/articles/how-to-scale-from-a-small-business-to-a-billion-dollar-empire": [], "https://www.entrepreneur.com/video/285992": [["B018WGDLFY", "Zype Entrepreneur Network"]], "https://www.entrepreneur.com/article/306432": [["B01MTQGDH6"]], "https://www.inc.com/martin-zwilling/7-steps-to-tell-you-if-your-million-dollar-idea-can-be-a-billion-dollar-business.html": [["1514312158", "Business Ideas Starting Points Economy"], ["0955898900", "Small Business Ideas Latest Greatest"]]},
{"https://www.freelancer.com/community/articles/how-to-scale-from-a-small-business-to-a-billion-dollar-empire": [], "https://www.entrepreneur.com/video/285992": [["B018WGDLFY", "Zype Entrepreneur Network"]], "https://www.entrepreneur.com/article/306432": [["B01MTQGDH6"]], "https://www.inc.com/martin-zwilling/7-steps-to-tell-you-if-your-million-dollar-idea-can-be-a-billion-dollar-business.html": [["1514312158", "Business Ideas Starting Points Economy"], ["0955898900", "Small Business Ideas Latest Greatest"]], "https://www.forbes.com/sites/boburlingham/2017/05/09/forbes-small-giants-2017-americas-best-small-companies/": []},
{"https://www.freelancer.com/community/articles/how-to-scale-from-a-small-business-to-a-billion-dollar-empire": [], "https://www.entrepreneur.com/video/285992": [["B018WGDLFY", "Zype Entrepreneur Network"]], "https://www.entrepreneur.com/article/306432": [["B01MTQGDH6"]], "https://www.inc.com/martin-zwilling/7-steps-to-tell-you-if-your-million-dollar-idea-can-be-a-billion-dollar-business.html": [["1514312158", "Business Ideas Starting Points Economy"], ["0955898900", "Small Business Ideas Latest Greatest"]], "https://www.forbes.com/sites/boburlingham/2017/05/09/forbes-small-giants-2017-americas-best-small-companies/": [], "https://www.amazon.com/Zero-Billion-Entrepreneurs-Government-Contracting/dp/1940013046": [["signin"], ["signin"], ["B07FYW811C", "Zero Billion Entrepreneurs Government Contracting ebook"], ["signin"], ["signin"], ["signin"], ["signin"], ["signin"], ["1940013046"], ["signin"], ["signin"]]},
{"https://www.freelancer.com/community/articles/how-to-scale-from-a-small-business-to-a-billion-dollar-empire": [], "https://www.entrepreneur.com/video/285992": [["B018WGDLFY", "Zype Entrepreneur Network"]], "https://www.entrepreneur.com/article/306432": [["B01MTQGDH6"]], "https://www.inc.com/martin-zwilling/7-steps-to-tell-you-if-your-million-dollar-idea-can-be-a-billion-dollar-business.html": [["1514312158", "Business Ideas Starting Points Economy"], ["0955898900", "Small Business Ideas Latest Greatest"]], "https://www.forbes.com/sites/boburlingham/2017/05/09/forbes-small-giants-2017-americas-best-small-companies/": [], "https://www.amazon.com/Zero-Billion-Entrepreneurs-Government-Contracting/dp/1940013046": [["signin"], ["signin"], ["B07FYW811C", "Zero Billion Entrepreneurs Government Contracting ebook"], ["signin"], ["signin"], ["signin"], ["signin"], ["signin"], ["1940013046"], ["signin"], ["signin"]], "https://blog.aboutamazon.com/shopping/billions-of-items-ordered-worldwide-this-holiday-season": [["customer"], ["B07HZLHPKP", "Introducing Echo Show Compact Charcoal"], ["B0791TX5P5", "Fire TV Stick with Alexa Voice Remote"], ["840B7BE3-9C6F-47DE-BF59-46C96EACF2D9", "stores"], ["b"], ["B06VYH1GF7", "Marvelous Mrs Maisel Season"], ["B0812BY1F9", "Aeronauts Felicity Jones"], ["B07YVLYSBJ", "Report Adam Driver"], ["B018BZ3SCM", "Dulcinea"], ["B07FZ8S74R", "Echo Dot"], ["B07PRZYJHZ", "L L Surprise Glitter Winter"], ["214CC2E0-956F-4E5B-B0C7-3948AEFBC732", "stores"], ["customer"], ["B07DL4QY5V", "iRobot Roomba 675 Connectivity Carpets"], ["b"], ["B073RQ7KP4", "Season 1 Official Trailer"], ["B0813YDR88", "Kacey Musgraves Christmas Show Teaser"]]}
]